battery,dataset,method,labels,n_clusters,rand_score,silhouette_score,calinski_harabasz_score,davies_bouldin_score,adjusted_mutual_info_score,fowlkes_mallows_score,NCA,params,eps,min_samples,linkage,gini_threshold
sipu,a1,kmeans,labels0,20,0.966344710501798,0.5950830685013226,13829.97184656078,0.5266442987220668,0.9732559391557386,0.9680171410185083,0.9828070175438598,default,,,,
sipu,a1,dbscan,labels0,20,0.0,,,,0.0,0.2228973479936019,0.0,default,0.2,5.0,,
sipu,a1,agglomerative,labels0,20,0.9141553020400474,0.5762024884750478,12870.149302180527,0.5496337672216953,0.9461970186902713,0.9184429744064943,0.9543859649122807,default,,,ward,
sipu,a1,agglomerative,labels0,20,0.44357102283866345,0.013508838338282677,1570.1791388873169,0.9158492423433666,0.784089002282737,0.5639905857956433,0.3712280701754387,default,,,single,
sipu,a1,agglomerative,labels0,20,0.9162284295009431,0.5756871613977956,12809.892708518762,0.5566349575474518,0.9495075515822045,0.9204149690188661,0.955438596491228,default,,,complete,
sipu,a1,agglomerative,labels0,20,0.9250943103206616,0.58196351459605,13137.097206995215,0.5417183086365162,0.9507324758125475,0.9288248484100883,0.96,default,,,average,
sipu,a1,genie,labels0,20,0.9371177919813078,0.5858282658405963,13331.893120293553,0.5403875327726557,0.9578443021261667,0.9402462009632022,0.9666666666666667,default,,,,0.1
sipu,a1,genie,labels0,20,0.8988358642156503,0.5637892790218223,11325.884671502045,0.5755228434703279,0.9511805466645733,0.9046417690525569,0.911578947368421,default,,,,0.3
sipu,a1,genie,labels0,20,0.8341775122002676,0.48125807455254654,8538.24145712283,0.6113911012860878,0.9359776219381181,0.8487740975155929,0.8400000000000001,default,,,,0.5
sipu,a1,genie,labels0,20,0.584753915246741,0.14635095488527064,3347.135773608795,0.8892390916938118,0.8622903425725561,0.6595378006002113,0.5764912280701754,default,,,,0.7
sipu,a1,genie,labels0,20,0.44357102283866345,0.013508838338282677,1570.1791388873166,0.9158492423433666,0.784089002282737,0.5639905857956433,0.3712280701754387,default,,,,0.9
sipu,a1,dbscan,labels0,20,0.7226362064269642,0.4952565382639062,2235.032422824125,2.235061279383199,0.8776036651318685,0.7497113924539398,0.7456140350877192,custom,0.07,10.0,,
sipu,a2,kmeans,labels0,35,0.9676920406873721,0.5975267622566245,18212.69208994713,0.5241820414196181,0.9772908071791757,0.9686092912983393,0.983529411764706,default,,,,
sipu,a2,dbscan,labels0,35,0.0,,,,0.0,0.16848251929068064,0.0,default,0.2,5.0,,
sipu,a2,agglomerative,labels0,35,0.9222566535913777,0.5797461645747656,17056.251472097072,0.5467395583651731,0.9573476884071119,0.9244776630604656,0.9588235294117647,default,,,ward,
sipu,a2,agglomerative,labels0,35,0.34775657782159847,-0.21604396386104519,1238.756928031839,0.9288057446642514,0.7634493121313372,0.48041040251394823,0.2968627450980391,default,,,single,
sipu,a2,agglomerative,labels0,35,0.9084154805260766,0.5678666157558577,16197.223622911211,0.5527520472328193,0.9515010193146101,0.9110337779323047,0.9507843137254902,default,,,complete,
sipu,a2,agglomerative,labels0,35,0.9337253051435004,0.5866231005586898,17435.40547935382,0.5356336978109221,0.9603935137366822,0.9356106662864341,0.9650980392156865,default,,,average,
sipu,a2,genie,labels0,35,0.9490650046270829,0.5909417776535391,17764.470640957727,0.5333446445129776,0.9684736983178571,0.9505123265268504,0.9733333333333334,default,,,,0.1
sipu,a2,genie,labels0,35,0.9224269939499103,0.5769713252716143,16067.67441896801,0.5536852208652264,0.9631876081631241,0.9248988671278883,0.9400000000000001,default,,,,0.3
sipu,a2,genie,labels0,35,0.8314707927614925,0.48641273695292175,11187.23933693661,0.6405806052507254,0.9439920674577753,0.8426342886748502,0.8311764705882353,default,,,,0.5
sipu,a2,genie,labels0,35,0.5268188566004758,0.12688564033253194,3088.9156541016596,0.8797179243889757,0.8661002768123892,0.6074647104442441,0.5554901960784313,default,,,,0.7
sipu,a2,genie,labels0,35,0.34775657782159847,-0.21604396386104519,1238.756928031839,0.9288057446642514,0.7634493121313373,0.48041040251394823,0.29686274509803917,default,,,,0.9
sipu,a3,kmeans,labels0,50,0.9721790225531262,0.6008065207455193,24581.399736124993,0.5188753253644824,0.9813990845596131,0.9727318844270331,0.9858503401360541,default,,,,
sipu,a3,dbscan,labels0,50,0.0,,,,0.0,0.1409585609630995,0.0,default,0.2,5.0,,
sipu,a3,agglomerative,labels0,50,0.9373762821575673,0.5875477706390156,23386.529755982032,0.5353351198477379,0.9662711026509234,0.9386268885134269,0.9670748299319726,default,,,ward,
sipu,a3,agglomerative,labels0,50,0.31538907963814694,-0.29621897496978133,1453.6869715621006,0.9352161781291121,0.7566019043517778,0.4488624525705467,0.24843537414965963,default,,,single,
sipu,a3,agglomerative,labels0,50,0.9178556297352153,0.5743323959236961,22159.666129174504,0.5449167595122916,0.9582065836342111,0.9194996227367005,0.956190476190476,default,,,complete,
sipu,a3,agglomerative,labels0,50,0.9435266923673953,0.5911134261749951,23627.247753943288,0.5287420276601825,0.9674847920064399,0.9446507020801282,0.9704761904761902,default,,,average,
sipu,a3,genie,labels0,50,0.9573626597722779,0.5956571190071592,24104.924563723933,0.5255406417017224,0.9743901423504098,0.9582104851743146,0.9778231292517005,default,,,,0.1
sipu,a3,genie,labels0,50,0.9386545158221451,0.5858778225326927,22439.483016697657,0.5397789256360725,0.9710013336475657,0.9400043244332711,0.9546938775510201,default,,,,0.3
sipu,a3,genie,labels0,50,0.8246718421265236,0.49304212434937383,14699.697504359261,0.6406427001467447,0.9503528906524369,0.8357623280898184,0.8361904761904762,default,,,,0.5
sipu,a3,genie,labels0,50,0.5732653334223535,0.17080542463562445,4899.897767780699,0.8214922027179564,0.8901751549495353,0.6378648002918382,0.5888435374149659,default,,,,0.7
sipu,a3,genie,labels0,50,0.31538907963814694,-0.29621897496978133,1453.6869715621012,0.9352161781291121,0.7566019043517779,0.4488624525705467,0.24843537414965963,default,,,,0.9
sipu,aggregation,kmeans,labels0,7,0.7624141522261686,0.4809819832611429,1396.562742001016,0.7313116507789085,0.877619063595315,0.8159416273645236,0.7488328664799253,default,,,,
sipu,aggregation,dbscan,labels0,7,0.8089434170360936,0.41200522675763057,754.2002051436184,0.6249484475099636,0.8882310810796876,0.8652444832467558,0.6666666666666666,default,0.2,5.0,,
sipu,aggregation,agglomerative,labels0,7,0.8133137382841514,0.4716456631893164,1350.078786551986,0.7100973568061999,0.9192988285200682,0.8558985120185232,0.7759462759462759,default,,,ward,
sipu,aggregation,agglomerative,labels0,7,0.8042069683967059,0.28249786988439884,506.3067486426996,0.6000626891381213,0.881536346473864,0.8611807579495235,0.6637254901960784,default,,,single,
sipu,aggregation,agglomerative,labels0,7,0.7659866536702702,0.4434016210000096,1239.683149250279,0.8899972974373512,0.8563261223726525,0.8160666060958994,0.7335164835164836,default,,,complete,
sipu,aggregation,agglomerative,labels0,7,0.9934673139347668,0.493585313501689,1202.4999132790815,0.5040974050549761,0.9894076991127143,0.99488119732326,0.9961538461538462,default,,,average,
sipu,aggregation,genie,labels0,7,0.47758391317356247,0.18931552100757745,552.7311186051749,1.2436974221406125,0.7041921824436193,0.5821370374574807,0.5773073331896862,default,,,,0.1
sipu,aggregation,genie,labels0,7,0.5655444195295304,0.2897629012021621,781.2675185759872,0.9205173836832365,0.7582581585710513,0.6573340830290904,0.5773073331896862,default,,,,0.3
sipu,aggregation,genie,labels0,7,0.8798629784332954,0.3868285727478525,746.8989790932709,0.5900232743365003,0.9176389693561221,0.9081352440551778,0.8756410256410256,default,,,,0.5
sipu,aggregation,genie,labels0,7,0.7689905558690863,0.29737570043053363,523.8719410379058,0.7948615493704743,0.8532776574861629,0.8310733014256312,0.6392156862745099,default,,,,0.7
sipu,aggregation,genie,labels0,7,0.8042069683967059,0.28249786988439884,506.3067486426996,0.6000626891381213,0.881536346473864,0.8611807579495235,0.6637254901960784,default,,,,0.9
sipu,aggregation,dbscan,labels0,7,0.805782050031544,0.3187535603421094,606.2850201170569,0.6211106235243017,0.8839665666947123,0.8625317256306636,0.6647058823529411,custom,0.15,5.0,,
sipu,aggregation,dbscan,labels0,7,0.9817446497088065,0.48408838794187753,983.5981273554985,1.0153000328428097,0.9723235177440306,0.9857109257664646,0.9856053532524122,custom,0.15,8.0,,
sipu,compound,kmeans,labels0,6,0.5363817143177085,0.4311752211472218,870.5727175282,0.8450934425802131,0.7127905276368566,0.6410042092388153,0.6788698098208279,default,,,,
sipu,compound,kmeans,labels1,4,0.7556592804153637,0.502084580821214,840.9033450535117,0.7402276926788102,0.8012489663041069,0.8317236524621585,0.7438398629282686,default,,,,
sipu,compound,kmeans,labels2,5,0.5829991642364839,0.5242470371532645,829.7218912056577,0.6675014678200807,0.7629974104682057,0.6843370879466893,0.6525316455696203,default,,,,
sipu,compound,kmeans,labels3,4,0.5958363469987834,0.4997008790470402,840.9872958646336,0.7421185640166093,0.7221902353567834,0.7031036623290987,0.5082164099435718,default,,,,
sipu,compound,kmeans,labels4,5,0.7367663059223807,0.5222300308314631,829.5390366590727,0.6665244533032275,0.8112661410174146,0.813375820681072,0.7837014173649492,default,,,,
sipu,compound,dbscan,labels0,6,0.8853206588329537,0.4572174942642544,641.8172227156634,1.9051153996447554,0.9072595193876044,0.9177218667870071,0.7675555555555554,default,0.2,5.0,,
sipu,compound,dbscan,labels1,4,0.7480035378294262,0.4572174942642544,641.8172227156634,1.9051153996447554,0.8075160797740247,0.8265586073456923,0.4091011935064201,default,0.2,5.0,,
sipu,compound,dbscan,labels2,5,0.8879564643908399,0.4572174942642544,641.8172227156634,1.9051153996447554,0.9153509807740838,0.9196710501610218,0.7719999999999999,default,0.2,5.0,,
sipu,compound,dbscan,labels3,4,0.8365190109592222,0.4572174942642544,641.8172227156634,1.9051153996447554,0.8599082840727933,0.8819143435111152,0.5975301204819277,default,0.2,5.0,,
sipu,compound,dbscan,labels4,5,0.7943365195672393,0.4572174942642544,641.8172227156634,1.9051153996447554,0.87004216081074,0.8553374527440184,0.6742957746478873,default,0.2,5.0,,
sipu,compound,agglomerative,labels0,6,0.5505771509182779,0.4175437416771741,828.7143295422877,0.883533718474616,0.7274056177083046,0.6525445876038988,0.7365227175441815,default,,,ward,
sipu,compound,agglomerative,labels1,4,0.8792900022720094,0.549850210249182,824.4065157513254,0.5247272931286429,0.8825114291903431,0.9194318418463253,0.5020080321285141,default,,,ward,
sipu,compound,agglomerative,labels2,5,0.5854866788680319,0.5099034990420717,795.1899964027685,0.6927547639945064,0.7804435771960434,0.6867835715158818,0.6964902186421174,default,,,ward,
sipu,compound,agglomerative,labels3,4,0.7374432405404167,0.549850210249182,824.4065157513254,0.5247272931286429,0.8034829195879908,0.8211387962824979,0.37650602409638556,default,,,ward,
sipu,compound,agglomerative,labels4,5,0.761713032032512,0.5099034990420717,795.1899964027685,0.6927547639945064,0.845743180201645,0.8315911206384328,0.8706127733026467,default,,,ward,
sipu,compound,agglomerative,labels0,6,0.7424809448687679,0.3594419880731728,407.5295332845921,0.6158398207018533,0.7947534959533823,0.8304263995847698,0.404,default,,,single,
sipu,compound,agglomerative,labels1,4,0.9253561402960631,0.420869829031889,669.2460444079841,0.6803335480152949,0.9335599705135089,0.9517331671410304,0.664319248826291,default,,,single,
sipu,compound,agglomerative,labels2,5,0.741496483936709,0.3701011951429351,505.4228792882958,0.6449156207939499,0.797725399832156,0.8302462353326754,0.404,default,,,single,
sipu,compound,agglomerative,labels3,4,0.7942696938105874,0.420869829031889,669.2460444079841,0.6803335480152949,0.8480659686809543,0.8659461587637199,0.505,default,,,single,
sipu,compound,agglomerative,labels4,5,0.871485873011456,0.3701011951429351,505.4228792882958,0.6449156207939499,0.8711088642867229,0.9162770230477923,0.4964788732394366,default,,,single,
sipu,compound,agglomerative,labels0,6,0.7928781404685332,0.4532226957205101,542.9686635644845,0.7614101185575075,0.8029603036762739,0.8547345675837809,0.45999999999999996,default,,,complete,
sipu,compound,agglomerative,labels1,4,0.8518777362800811,0.4763675230302514,758.5638359101123,1.016258973550749,0.879073507353315,0.9001605245653499,0.6150234741784036,default,,,complete,
sipu,compound,agglomerative,labels2,5,0.7962977800864468,0.45897361199001335,633.9305993649177,0.937294070002854,0.8136704306286894,0.8575462754099603,0.488,default,,,complete,
sipu,compound,agglomerative,labels3,4,0.8281372683961198,0.4763675230302514,758.5638359101123,1.016258973550749,0.8525508610302297,0.8827218301176771,0.61,default,,,complete,
sipu,compound,agglomerative,labels4,5,0.7578809100752085,0.45897361199001335,633.9305993649177,0.937294070002854,0.7964403008145525,0.8322217380503993,0.4401408450704225,default,,,complete,
sipu,compound,agglomerative,labels0,6,0.803025623308763,0.46077420458559054,613.7372226109113,0.66844966857191,0.8314283190662025,0.8615784103781575,0.642222222222222,default,,,average,
sipu,compound,agglomerative,labels1,4,0.9096656409782733,0.4590787435525803,700.3968499590333,0.7675276742236504,0.9173794297373284,0.9407403865272521,0.6549295774647886,default,,,average,
sipu,compound,agglomerative,labels2,5,0.7654969870420771,0.4660049331080614,597.9145670704078,0.7954741294474441,0.7953829245862925,0.839630648531973,0.45999999999999996,default,,,average,
sipu,compound,agglomerative,labels3,4,0.7983716608751233,0.4590787435525803,700.3968499590333,0.7675276742236504,0.8431960410202768,0.8671546911746033,0.525,default,,,average,
sipu,compound,agglomerative,labels4,5,0.8031688950840461,0.4660049331080614,597.9145670704078,0.7954741294474441,0.8212592649566115,0.86579501859943,0.46478873239436624,default,,,average,
sipu,compound,genie,labels0,6,0.5325055706394533,0.34158193849371854,679.4770110546123,1.1690840254185144,0.7290648347590372,0.6378123491507749,0.7057517017640415,default,,,,0.1
sipu,compound,genie,labels1,4,0.7755947959706316,0.4321284834163818,725.205073079481,1.1999844242130642,0.849190028040544,0.8459123167066853,0.839662447257384,default,,,,0.1
sipu,compound,genie,labels2,5,0.4879695702336038,0.3003187720424731,645.9914148876846,1.3507793080968822,0.6792854229396222,0.6046913363913071,0.5110148596587782,default,,,,0.1
sipu,compound,genie,labels3,4,0.6115306063495528,0.4321284834163818,725.205073079481,1.1999844242130642,0.7774143880022848,0.7149288639451474,0.629746835443038,default,,,,0.1
sipu,compound,genie,labels4,5,0.5360708598426063,0.3003187720424731,645.9914148876846,1.3507793080968822,0.7344756215372489,0.6626512178152723,0.5205919058655732,default,,,,0.1
sipu,compound,genie,labels0,6,0.5412571736638715,0.42995133983918804,611.7195698127687,0.8712110115934291,0.763891117524769,0.6485960884182359,0.6985343104596936,default,,,,0.3
sipu,compound,genie,labels1,4,0.7755947959706316,0.4321284834163818,725.205073079481,1.1999844242130642,0.849190028040544,0.8459123167066853,0.839662447257384,default,,,,0.3
sipu,compound,genie,labels2,5,0.5838655698292731,0.45581918848341435,689.2603535677781,1.0039432505233763,0.783596761116113,0.6856700950895273,0.6935410580980201,default,,,,0.3
sipu,compound,genie,labels3,4,0.6115306063495528,0.4321284834163818,725.205073079481,1.1999844242130642,0.7774143880022848,0.7149288639451474,0.629746835443038,default,,,,0.3
sipu,compound,genie,labels4,5,0.7600475837430689,0.45581918848341435,689.2603535677781,1.0039432505233763,0.8491912251316573,0.8303388998126273,0.8669263226225252,default,,,,0.3
sipu,compound,genie,labels0,6,0.607344590942343,0.3590392741330856,583.9030585440406,0.7701296838085151,0.7749171094485784,0.7075015776997767,0.6263824117255163,default,,,,0.5
sipu,compound,genie,labels1,4,0.8798817045067793,0.5579790449921529,829.3712061670946,0.527718039384104,0.8829629795754347,0.9198473382886071,0.5180722891566264,default,,,,0.5
sipu,compound,genie,labels2,5,0.7039971899752475,0.4096706486844475,665.7637640384177,0.6777222785493635,0.811903448191153,0.7887676719030011,0.6112625770853619,default,,,,0.5
sipu,compound,genie,labels3,4,0.7381084663029794,0.5579790449921529,829.3712061670946,0.527718039384104,0.8038582393300832,0.8216688633479258,0.3885542168674698,default,,,,0.5
sipu,compound,genie,labels4,5,0.856762153965715,0.4096706486844475,665.7637640384177,0.6777222785493635,0.8839540696001105,0.9003446192965912,0.7640782213567023,default,,,,0.5
sipu,compound,genie,labels0,6,0.7546033177801463,0.4245340207428704,479.3371670825403,0.6544705160780739,0.7857973426221508,0.8339862146867338,0.42400000000000004,default,,,,0.7
sipu,compound,genie,labels1,4,0.9135170850379055,0.4598734269562403,695.0559786533975,0.7359715209488995,0.9208496170555915,0.9434394643034494,0.6572769953051644,default,,,,0.7
sipu,compound,genie,labels2,5,0.747218115309876,0.412400704138017,550.4872965239273,0.694146348107933,0.7912172310944575,0.8313916910914743,0.41600000000000004,default,,,,0.7
sipu,compound,genie,labels3,4,0.7972447113238534,0.4598734269562403,695.0559786533975,0.7359715209488995,0.8438894381366642,0.8667663308480599,0.52,default,,,,0.7
sipu,compound,genie,labels4,5,0.847200849542887,0.412400704138017,550.4872965239273,0.694146348107933,0.8489033930025585,0.8983446691854006,0.4859154929577465,default,,,,0.7
sipu,compound,genie,labels0,6,0.7424809448687679,0.3594419880731728,407.52953328459205,0.6158398207018531,0.7947534959533821,0.8304263995847698,0.404,default,,,,0.9
sipu,compound,genie,labels1,4,0.9253561402960631,0.420869829031889,669.2460444079842,0.6803335480152949,0.9335599705135091,0.9517331671410304,0.664319248826291,default,,,,0.9
sipu,compound,genie,labels2,5,0.741496483936709,0.3701011951429351,505.4228792882958,0.6449156207939499,0.797725399832156,0.8302462353326754,0.404,default,,,,0.9
sipu,compound,genie,labels3,4,0.7942696938105874,0.420869829031889,669.2460444079842,0.6803335480152949,0.8480659686809543,0.8659461587637199,0.505,default,,,,0.9
sipu,compound,genie,labels4,5,0.871485873011456,0.3701011951429351,505.4228792882958,0.6449156207939499,0.8711088642867229,0.9162770230477923,0.4964788732394366,default,,,,0.9
sipu,compound,dbscan,labels0,6,0.9338329237763924,0.1104694910182211,205.59314513204816,3.6285617280185094,0.9087185152951326,0.9505343089788848,0.8887719298245613,custom,0.15,5.0,,
sipu,compound,dbscan,labels1,4,0.7565376767808292,0.1104694910182211,205.59314513204816,3.6285617280185094,0.7871648333040947,0.832630093123498,0.6818258951298151,custom,0.15,5.0,,
sipu,compound,dbscan,labels2,5,0.9340274291506212,0.1104694910182211,205.59314513204816,3.6285617280185094,0.9088493326541192,0.9506796320999753,0.8884615384615385,custom,0.15,5.0,,
sipu,compound,dbscan,labels3,4,0.8885229396071426,0.1104694910182211,205.59314513204816,3.6285617280185094,0.8827066463159406,0.9180055263111926,0.8493975903614457,custom,0.15,5.0,,
sipu,compound,dbscan,labels4,5,0.7953796638318288,0.1104694910182211,205.59314513204816,3.6285617280185094,0.819735057142439,0.8556550610908826,0.7725487540628386,custom,0.15,5.0,,
sipu,compound,dbscan,labels0,6,0.8853206588329537,0.4572174942642544,641.8172227156634,1.9051153996447554,0.9072595193876044,0.9177218667870071,0.7675555555555554,custom,0.2,5.0,,
sipu,compound,dbscan,labels1,4,0.7480035378294262,0.4572174942642544,641.8172227156634,1.9051153996447554,0.8075160797740247,0.8265586073456923,0.4091011935064201,custom,0.2,5.0,,
sipu,compound,dbscan,labels2,5,0.8879564643908399,0.4572174942642544,641.8172227156634,1.9051153996447554,0.9153509807740838,0.9196710501610218,0.7719999999999999,custom,0.2,5.0,,
sipu,compound,dbscan,labels3,4,0.8365190109592222,0.4572174942642544,641.8172227156634,1.9051153996447554,0.8599082840727933,0.8819143435111152,0.5975301204819277,custom,0.2,5.0,,
sipu,compound,dbscan,labels4,5,0.7943365195672393,0.4572174942642544,641.8172227156634,1.9051153996447554,0.87004216081074,0.8553374527440184,0.6742957746478873,custom,0.2,5.0,,
sipu,d31,kmeans,labels0,31,0.9541622732272244,0.5755204053807308,9168.148101723398,0.547324569903807,0.9665277526535483,0.9556268048882212,0.9766666666666662,default,,,,
sipu,d31,dbscan,labels0,31,0.004391886373652117,0.025753350799967534,137.24330973725856,1.1204641465501155,0.07711936667953993,0.1844204263720561,0.034,default,0.2,5.0,,
sipu,d31,agglomerative,labels0,31,0.9201353639476055,0.5640590206430324,8778.520487865833,0.5560078992889351,0.9484592503466883,0.9226924588973318,0.9579999999999997,default,,,ward,
sipu,d31,agglomerative,labels0,31,0.1739021944675327,-0.38964421831677454,218.6307746947933,1.8313787427816695,0.6283042680607007,0.34915270171594204,0.2379999999999999,default,,,single,
sipu,d31,agglomerative,labels0,31,0.9237900239742176,0.5636663381409215,8763.749279294789,0.5594934899204382,0.9495385065766917,0.9262271201547903,0.9606666666666666,default,,,complete,
sipu,d31,agglomerative,labels0,31,0.9068918288461281,0.5622699028583653,7960.542655798292,0.5678828215516375,0.9494188470453128,0.9103766519006976,0.9353333333333331,default,,,average,
sipu,d31,genie,labels0,31,0.9353310014073435,0.5689206069927593,8932.057601462617,0.5530826437667484,0.9552413256245733,0.9373981657717939,0.9666666666666663,default,,,,0.1
sipu,d31,genie,labels0,31,0.8995701810459572,0.5454502156195701,7859.397194889755,0.584182824779952,0.9462281215670719,0.9031971846377725,0.9266666666666663,default,,,,0.3
sipu,d31,genie,labels0,31,0.714927370438285,0.40693051722585066,3297.0799123449383,0.6875161314073426,0.9049106919174724,0.7424305816380415,0.7649999999999999,default,,,,0.5
sipu,d31,genie,labels0,31,0.4111469708008246,0.06031085064303903,1247.344078081659,1.0322063317521626,0.8197793092378014,0.5219980049259818,0.5273333333333333,default,,,,0.7
sipu,d31,genie,labels0,31,0.17375156134982647,-0.3812623054795433,218.76217883473095,1.2127691381258043,0.6277870164538061,0.3487286329511112,0.2379999999999999,default,,,,0.9
sipu,flame,kmeans,labels0,2,0.4534129232216995,0.37849400810551664,157.20614562527837,1.1154146917933696,0.39691675838371865,0.7363906803426874,0.7153482082488167,default,,,,
sipu,flame,kmeans,labels1,2,0.4301665939324107,0.37849400810551664,157.20614562527837,1.1154146917933696,0.36611940088130146,0.710578751368557,0.36900706273369344,default,,,,
sipu,flame,dbscan,labels0,2,0.012750430131139363,0.29516192235268324,6.8943978883072,0.5798148490864504,0.016414654381801504,0.7300235270476356,0.02298850574712641,default,0.2,5.0,,
sipu,flame,dbscan,labels1,2,0.028576418320515915,0.29516192235268324,6.8943978883072,0.5798148490864504,0.05049917218333171,0.7012415989620145,0.08333333333333337,default,0.2,5.0,,
sipu,flame,agglomerative,labels0,2,0.18724407090631684,0.3288131337484194,122.78184946014024,1.184749767897658,0.32752823307490503,0.6237313892578666,0.5620915032679739,default,,,ward,
sipu,flame,agglomerative,labels1,2,0.18256118336730454,0.3288131337484194,122.78184946014024,1.184749767897658,0.3058192037773845,0.6004386213712322,0.2931034482758621,default,,,ward,
sipu,flame,agglomerative,labels0,2,0.012750430131139363,0.29516192235268324,6.8943978883072,0.5798148490864504,0.016414654381801504,0.7300235270476356,0.02298850574712641,default,,,single,
sipu,flame,agglomerative,labels1,2,0.028576418320515915,0.29516192235268324,6.8943978883072,0.5798148490864504,0.05049917218333171,0.7012415989620145,0.08333333333333337,default,,,single,
sipu,flame,agglomerative,labels0,2,-0.042230155268608294,0.25243244855462166,58.674640449872655,1.007498209942837,0.07097683449253651,0.6230363899472076,0.17962587333784086,default,,,complete,
sipu,flame,agglomerative,labels1,2,-0.03311282362101812,0.25243244855462166,58.674640449872655,1.007498209942837,0.09861290659748691,0.5939998937943534,0.10689655172413792,default,,,complete,
sipu,flame,agglomerative,labels0,2,0.4421506504554051,0.3723223488877805,151.64047309588358,1.132502529585701,0.48143896942830156,0.731069999812516,0.738562091503268,default,,,average,
sipu,flame,agglomerative,labels1,2,0.38045991433610654,0.3723223488877805,151.64047309588358,1.132502529585701,0.3981626632880892,0.6854643081087737,0.3620689655172413,default,,,average,
sipu,flame,genie,labels0,2,1.0,0.3284557166967559,110.39061756639835,1.1605355863045554,1.0,1.0,1.0,default,,,,0.1
sipu,flame,genie,labels1,2,0.8939525643015355,0.3284557166967559,110.39061756639835,1.1605355863045554,0.8431236100835015,0.9491280957779527,0.5,default,,,,0.1
sipu,flame,genie,labels0,2,1.0,0.3284557166967559,110.39061756639835,1.1605355863045554,1.0,1.0,1.0,default,,,,0.3
sipu,flame,genie,labels1,2,0.8939525643015355,0.3284557166967559,110.39061756639835,1.1605355863045554,0.8431236100835015,0.9491280957779527,0.5,default,,,,0.3
sipu,flame,genie,labels0,2,1.0,0.3284557166967559,110.39061756639835,1.1605355863045554,1.0,1.0,1.0,default,,,,0.5
sipu,flame,genie,labels1,2,0.8939525643015355,0.3284557166967559,110.39061756639835,1.1605355863045554,0.8431236100835015,0.9491280957779527,0.5,default,,,,0.5
sipu,flame,genie,labels0,2,1.0,0.3284557166967559,110.39061756639835,1.1605355863045554,1.0,1.0,1.0,default,,,,0.7
sipu,flame,genie,labels1,2,0.8939525643015355,0.3284557166967559,110.39061756639835,1.1605355863045554,0.8431236100835015,0.9491280957779527,0.5,default,,,,0.7
sipu,flame,genie,labels0,2,0.012750430131139363,0.29516192235268324,6.8943978883072,0.5798148490864504,0.016414654381801504,0.7300235270476356,0.02298850574712641,default,,,,0.9
sipu,flame,genie,labels1,2,0.028576418320515915,0.29516192235268324,6.8943978883072,0.5798148490864504,0.05049917218333171,0.7012415989620145,0.08333333333333337,default,,,,0.9
sipu,flame,dbscan,labels0,2,-0.02460680911130646,-0.09208654794483145,5.288195850245789,1.2964318268732586,0.03274708350902662,0.6998080577604833,0.05228758169934644,custom,0.1,8.0,,
sipu,flame,dbscan,labels1,2,-0.02662438188870083,-0.09208654794483145,5.288195850245789,1.2964318268732586,0.026711577197308208,0.6633475086293689,0.02758620689655178,custom,0.1,8.0,,
sipu,flame,dbscan,labels0,2,0.16380119403621385,0.08514399062521633,42.85992243126103,1.4205044145680468,0.3513026051346717,0.4579478312989475,-0.10660356096461576,custom,0.1,5.0,,
sipu,flame,dbscan,labels1,2,0.1619548573751811,0.08514399062521633,42.85992243126103,1.4205044145680468,0.3571865016022653,0.43919775694951274,0.4241829386511564,custom,0.1,5.0,,
sipu,flame,dbscan,labels0,2,0.9070818368999841,0.25978041700099774,51.66540693602244,5.968371401783479,0.8422414447733202,0.9556191069140312,0.8704079332882579,custom,0.15,8.0,,
sipu,flame,dbscan,labels1,2,0.8568338499058972,0.25978041700099774,51.66540693602244,5.968371401783479,0.7583071570297703,0.9267792850248971,0.6201772607672067,custom,0.15,8.0,,
sipu,jain,kmeans,labels0,2,0.32410804461158343,0.4952310487141656,503.4571785839624,0.7834342723995767,0.36765345251557974,0.7005435751851286,0.7034588375915134,default,,,,
sipu,jain,dbscan,labels0,2,0.9074181798300974,0.21935516349958692,70.43783796974549,1.449295488453342,0.7696211121077221,0.9628112930723705,0.5154639175257731,default,0.2,5.0,,
sipu,jain,agglomerative,labels0,2,0.5146169826822441,0.48561352114105255,468.061892848012,0.8001193736741887,0.5041511826361034,0.7904496301828084,0.8115942028985508,default,,,ward,
sipu,jain,agglomerative,labels0,2,0.256288512074381,0.37823242721170186,109.53736519759464,0.6018754774334739,0.24373499630877798,0.8037825414782548,0.268041237113402,default,,,single,
sipu,jain,agglomerative,labels0,2,0.7791940209231208,0.43257204331564497,294.0072697932559,0.777986995262503,0.6956462195249556,0.9217630822902012,0.7938144329896906,default,,,complete,
sipu,jain,agglomerative,labels0,2,0.7791940209231208,0.43257204331564497,294.0072697932559,0.777986995262503,0.6956462195249556,0.9217630822902012,0.7938144329896906,default,,,average,
sipu,jain,genie,labels0,2,0.04419342192318516,0.4667444917181437,405.89661250735196,0.7526070278235097,0.23133993758997978,0.5923719213693434,0.49275362318840576,default,,,,0.1
sipu,jain,genie,labels0,2,1.0,0.40246002146163445,279.4830762755584,0.8996695570811138,1.0,1.0,1.0,default,,,,0.3
sipu,jain,genie,labels0,2,1.0,0.40246002146163445,279.4830762755584,0.8996695570811138,1.0,1.0,1.0,default,,,,0.5
sipu,jain,genie,labels0,2,0.256288512074381,0.37823242721170186,109.53736519759464,0.6018754774334739,0.24373499630877798,0.8037825414782548,0.268041237113402,default,,,,0.7
sipu,jain,genie,labels0,2,0.256288512074381,0.37823242721170186,109.53736519759464,0.6018754774334739,0.24373499630877798,0.8037825414782548,0.268041237113402,default,,,,0.9
sipu,pathbased,kmeans,labels0,3,0.46182182666457305,0.5420275625135875,359.0335389347403,0.6662412864322437,0.5433126487054596,0.6620113921761238,0.6499999999999999,default,,,,
sipu,pathbased,kmeans,labels1,4,0.5081187104729987,0.436212491829662,318.9095790452128,0.8656447507196818,0.581522593687613,0.6509174520764291,0.5030589977398489,default,,,,
sipu,pathbased,dbscan,labels0,3,0.6872653318782601,0.1108482636596967,33.18056305881957,1.3830607329812892,0.6789712322349306,0.7844885096064019,0.7481795003577512,default,0.2,5.0,,
sipu,pathbased,dbscan,labels1,4,0.6751105262379677,0.1108482636596967,33.18056305881957,1.3830607329812892,0.6674694736369547,0.7603186961455392,0.5461855773405926,default,0.2,5.0,,
sipu,pathbased,agglomerative,labels0,3,0.484740691972538,0.5254677928717644,336.4323198524367,0.7619913071272221,0.5634586170328615,0.6737791450350706,0.6727272727272728,default,,,ward,
sipu,pathbased,agglomerative,labels1,4,0.5402716275382939,0.42108156024110066,294.90636040424477,0.9383815108948819,0.593620290911783,0.6714051165076698,0.5408191099680462,default,,,ward,
sipu,pathbased,agglomerative,labels0,3,0.000519521798686093,-0.04706334728771122,1.1462178232506026,0.8771565580835872,0.0004351915454557951,0.5733922705965514,0.005154639175257714,default,,,single,
sipu,pathbased,agglomerative,labels1,4,-0.003020713398507918,-0.17562084538499306,1.1051329165349169,0.8876120292619001,-0.0032023710760653167,0.5097314380881662,0.003401360544217654,default,,,single,
sipu,pathbased,agglomerative,labels0,3,0.3455207247421115,0.4968786727356881,301.48856711784293,0.6363301210426107,0.40897104546708063,0.5954151579252184,0.5614807872539831,default,,,complete,
sipu,pathbased,agglomerative,labels1,4,0.413675449598877,0.3638732419882668,263.40846427710005,1.0331124524685058,0.5002882884517399,0.5797883630128049,0.4255068639567119,default,,,complete,
sipu,pathbased,agglomerative,labels0,3,0.4436423035287233,0.5385961787598885,353.9569608827677,0.630881897015601,0.5175639720465448,0.6526313041537177,0.6312089971883785,default,,,average,
sipu,pathbased,agglomerative,labels1,4,0.5860734655150882,0.47559233066634876,286.420595987814,0.6236527556596649,0.6358986591506085,0.7277094412022207,0.5313971742543172,default,,,average,
sipu,pathbased,genie,labels0,3,0.6132723080508014,0.40487357008946234,206.39311371614457,1.8897389207876678,0.7290234417303961,0.7510884974198124,0.759090909090909,default,,,,0.1
sipu,pathbased,genie,labels1,4,0.9668019236002792,0.3178984117193023,151.66341318332468,2.362705491886822,0.9508827622530845,0.9756522410394136,0.9830961844639656,default,,,,0.1
sipu,pathbased,genie,labels0,3,0.6132723080508014,0.40487357008946234,206.39311371614457,1.8897389207876678,0.7290234417303961,0.7510884974198124,0.759090909090909,default,,,,0.3
sipu,pathbased,genie,labels1,4,0.9668019236002792,0.3178984117193023,151.66341318332468,2.362705491886822,0.9508827622530845,0.9756522410394136,0.9830961844639656,default,,,,0.3
sipu,pathbased,genie,labels0,3,0.6132723080508014,0.40487357008946234,206.39311371614457,1.8897389207876678,0.7290234417303961,0.7510884974198124,0.759090909090909,default,,,,0.5
sipu,pathbased,genie,labels1,4,0.7022289257164517,0.43656510301432133,243.75988974753528,0.8998613035068699,0.806814810162284,0.8016699493288063,0.5085034013605442,default,,,,0.5
sipu,pathbased,genie,labels0,3,0.6132723080508014,0.40487357008946234,206.39311371614457,1.8897389207876678,0.7290234417303961,0.7510884974198124,0.759090909090909,default,,,,0.7
sipu,pathbased,genie,labels1,4,0.7194897411598881,0.28584296483916705,139.72079438336536,1.7596525086544208,0.8266090971785338,0.8158934327279143,0.6462585034013606,default,,,,0.7
sipu,pathbased,genie,labels0,3,0.0012995892631828196,-0.3484348950103534,0.6160615361390813,2.334453684014702,0.00647664542647473,0.5719234277170896,0.015907327347300715,default,,,,0.9
sipu,pathbased,genie,labels1,4,-0.0036610345056788,-0.3697527343851717,0.8276578219255268,1.972424586171542,0.0008782609699174806,0.5075607088778177,0.010493559125777985,default,,,,0.9
sipu,r15,kmeans,labels0,15,0.9927781994136302,0.7527391419375415,4871.979308203132,0.31481610347913713,0.993810376324536,0.9932484439315347,0.9964285714285713,default,,,,
sipu,r15,kmeans,labels1,9,0.5818413010158772,0.6194588141162357,1110.2999831429895,0.496758545645809,0.8523824214404226,0.6792485225734098,0.9102678571428571,default,,,,
sipu,r15,kmeans,labels2,8,1.0,0.6530063365694733,760.0739778448709,0.3487303910875524,1.0,1.0,1.0,default,,,,
sipu,r15,dbscan,labels0,15,0.2636754763368162,0.6530063365694733,760.073977844871,0.3487303910875524,0.7311621334621817,0.45506004660670785,0.5,default,0.2,5.0,,
sipu,r15,dbscan,labels1,9,0.8472328487630707,0.6530063365694733,760.073977844871,0.3487303910875524,0.939028814567977,0.8954160549735664,0.875,default,0.2,5.0,,
sipu,r15,dbscan,labels2,8,1.0,0.6530063365694733,760.073977844871,0.3487303910875524,1.0,1.0,1.0,default,0.2,5.0,,
sipu,r15,agglomerative,labels0,15,0.9819955008205571,0.7495066846363324,4783.7143618239925,0.31979149399886037,0.9854325634198046,0.9831682050599823,0.9910714285714286,default,,,ward,
sipu,r15,agglomerative,labels1,9,0.6015374910073993,0.6082103321535903,1060.994728154952,0.5313584941105529,0.8644030169519891,0.6955327782012367,0.9401785714285713,default,,,ward,
sipu,r15,agglomerative,labels2,8,1.0,0.6530063365694733,760.073977844871,0.3487303910875524,1.0,1.0,1.0,default,,,ward,
sipu,r15,agglomerative,labels0,15,0.5424573784026467,0.39703870699907834,611.5448140545335,0.8304321689436434,0.8697598535640894,0.6374570926794036,0.7035714285714285,default,,,single,
sipu,r15,agglomerative,labels1,9,0.8466604471335472,0.6172233093907405,664.5484070949462,0.35105882618709294,0.9366972056649129,0.894954098262689,0.871875,default,,,single,
sipu,r15,agglomerative,labels2,8,1.0,0.6530063365694733,760.073977844871,0.3487303910875524,1.0,1.0,1.0,default,,,single,
sipu,r15,agglomerative,labels0,15,0.9785242588988963,0.7472017929400522,4683.4047019359095,0.3259957339123018,0.9832612249203715,0.979923199186615,0.9892857142857144,default,,,complete,
sipu,r15,agglomerative,labels1,9,0.5831593597773138,0.6107178856767944,1077.4482758027657,0.5023916019564454,0.8664338630100682,0.680220515022566,0.9285714285714286,default,,,complete,
sipu,r15,agglomerative,labels2,8,1.0,0.6530063365694733,760.073977844871,0.3487303910875524,1.0,1.0,1.0,default,,,complete,
sipu,r15,agglomerative,labels0,15,0.9892599952466714,0.7521916560606323,4860.663516376179,0.31493576604877965,0.9916307777502791,0.9899594329720794,0.9946428571428572,default,,,average,
sipu,r15,agglomerative,labels1,9,0.6237909810325336,0.5896764875694154,975.1650756293864,0.4805287409475394,0.8717332112386076,0.7127941117825201,0.9107142857142856,default,,,average,
sipu,r15,agglomerative,labels2,8,1.0,0.6530063365694733,760.073977844871,0.3487303910875523,1.0,1.0,1.0,default,,,average,
sipu,r15,genie,labels0,15,0.9856500959859545,0.7506244421935172,4812.214825245107,0.31951342014372663,0.9885357849312322,0.9865846688334937,0.9928571428571429,default,,,,0.1
sipu,r15,genie,labels1,9,0.45055953036140156,0.5628993698045563,751.3581800534317,0.5954595846761492,0.7969005856836016,0.5729238101630445,0.9285714285714286,default,,,,0.1
sipu,r15,genie,labels2,8,0.3879588147449501,0.497222197106499,452.5878666304516,0.6656958410271345,0.7493909723538541,0.5480649372254957,0.9107142857142857,default,,,,0.1
sipu,r15,genie,labels0,15,0.9856500959859545,0.7506244421935172,4812.214825245107,0.31951342014372663,0.9885357849312322,0.9865846688334937,0.9928571428571429,default,,,,0.3
sipu,r15,genie,labels1,9,0.6873695198329853,0.5497613255902671,878.6359124743078,0.6236020535665517,0.888166867500778,0.7636191988567503,0.9642857142857144,default,,,,0.3
sipu,r15,genie,labels2,8,0.5526512322628827,0.4366571905616111,358.56883378066567,0.8590205627423027,0.8375428877940294,0.6794095160548203,0.9107142857142857,default,,,,0.3
sipu,r15,genie,labels0,15,0.7967341053876249,0.6000330869405989,1629.0009021217018,0.5027937142585874,0.9390989920187756,0.8232521325237439,0.8410714285714286,default,,,,0.5
sipu,r15,genie,labels1,9,0.6873695198329853,0.5497613255902671,878.6359124743078,0.6236020535665517,0.888166867500778,0.7636191988567503,0.9642857142857144,default,,,,0.5
sipu,r15,genie,labels2,8,1.0,0.6530063365694733,760.073977844871,0.3487303910875524,1.0,1.0,1.0,default,,,,0.5
sipu,r15,genie,labels0,15,0.5424573784026467,0.39703870699907834,611.5448140545334,0.8304321689436434,0.8697598535640895,0.6374570926794036,0.7035714285714285,default,,,,0.7
sipu,r15,genie,labels1,9,0.8466604471335472,0.6172233093907405,664.5484070949465,0.3510588261870929,0.9366972056649129,0.894954098262689,0.871875,default,,,,0.7
sipu,r15,genie,labels2,8,1.0,0.6530063365694733,760.073977844871,0.3487303910875524,1.0,1.0,1.0,default,,,,0.7
sipu,r15,genie,labels0,15,0.5424573784026467,0.39703870699907834,611.5448140545334,0.8304321689436434,0.8697598535640895,0.6374570926794036,0.7035714285714285,default,,,,0.9
sipu,r15,genie,labels1,9,0.8466604471335472,0.6172233093907405,664.5484070949465,0.3510588261870929,0.9366972056649129,0.894954098262689,0.871875,default,,,,0.9
sipu,r15,genie,labels2,8,1.0,0.6530063365694733,760.073977844871,0.3487303910875524,1.0,1.0,1.0,default,,,,0.9
sipu,s1,kmeans,labels0,15,0.9867990399515725,0.7112785988493633,22675.250895628258,0.36651662171458227,0.9865615725386,0.9876785640131748,0.993335496479758,default,,,,
sipu,s1,dbscan,labels0,15,0.18064829396980153,0.2061661754737073,1432.5137018447863,0.758219105735939,0.5702496464076139,0.3990508111168768,0.21449518223711772,default,0.2,5.0,,
sipu,s1,agglomerative,labels0,15,0.9833356638705167,0.7085450617558218,22326.218238749447,0.3658912110391547,0.9847016585498454,0.9844467535339857,0.9914506664444188,default,,,ward,
sipu,s1,agglomerative,labels0,15,0.463522341495289,-0.049284313990698894,1146.748997296923,0.9335378924864651,0.7909959827906193,0.5893379712822749,0.4283736920790746,default,,,single,
sipu,s1,agglomerative,labels0,15,0.9710621671150479,0.7013721106373436,21326.850663951926,0.3738619942932243,0.97681865222688,0.9729921164299316,0.9847687609801117,default,,,complete,
sipu,s1,agglomerative,labels0,15,0.9815990475472909,0.7083631412626767,22293.322740049596,0.3689957823503894,0.983378826461724,0.9828249479040381,0.9909228160950434,default,,,average,
sipu,s1,genie,labels0,15,0.9879934658742926,0.7097124978517578,22435.494338376535,0.36759504675776156,0.9879197458357734,0.9887933438096036,0.9940582290638863,default,,,,0.1
sipu,s1,genie,labels0,15,0.9879934658742926,0.7097124978517578,22435.494338376535,0.36759504675776156,0.9879197458357734,0.9887933438096036,0.9940582290638863,default,,,,0.3
sipu,s1,genie,labels0,15,0.9879934658742926,0.7097124978517578,22435.494338376535,0.36759504675776156,0.9879197458357734,0.9887933438096036,0.9940582290638863,default,,,,0.5
sipu,s1,genie,labels0,15,0.8595400585172704,0.5675143632449352,9200.712723407834,0.542426090724767,0.9533878426857058,0.8762014952009038,0.8537260538486827,default,,,,0.7
sipu,s1,genie,labels0,15,0.463522341495289,-0.049284313990698894,1146.748997296923,0.9335378924864651,0.7909959827906194,0.5893379712822749,0.4283736920790746,default,,,,0.9
sipu,s2,kmeans,labels0,15,0.9374856782841897,0.6260618000312377,13506.688809669127,0.4656187821775655,0.9458565459802106,0.9416505280204092,0.9677082696135137,default,,,,
sipu,s2,dbscan,labels0,15,1.276593140391874e-05,0.24576978783462564,2.9634258199171093,2.6388736954518137,0.00015836123362425157,0.2579262945472081,0.00045351473922902334,default,0.2,5.0,,
sipu,s2,agglomerative,labels0,15,0.9057496134305151,0.6075939005525345,12378.992315224776,0.4855485547634904,0.9262999296168876,0.9120474124270391,0.949832608910673,default,,,ward,
sipu,s2,agglomerative,labels0,15,-2.0451192246365106e-05,-0.5976111514494896,2.720515370993269,0.7823519942564093,0.0009456347932105973,0.25704035404141745,0.002967723125042724,default,,,single,
sipu,s2,agglomerative,labels0,15,0.7908725185518136,0.49895796033914286,8284.529533260229,0.6493692888188375,0.8775804549584829,0.8065990073400509,0.8328187560554149,default,,,complete,
sipu,s2,agglomerative,labels0,15,0.9126020745509621,0.609177215963322,12485.468493584622,0.4833181581529478,0.9302449181866678,0.9184257524306345,0.9545773015430232,default,,,average,
sipu,s2,genie,labels0,15,0.915229034538748,0.6142536176880719,12737.315923249866,0.47767693702541986,0.933586658172247,0.9208868550093929,0.9547123726638409,default,,,,0.1
sipu,s2,genie,labels0,15,0.915229034538748,0.6142536176880719,12737.315923249866,0.47767693702541986,0.933586658172247,0.9208868550093929,0.9547123726638409,default,,,,0.3
sipu,s2,genie,labels0,15,0.7785562273032612,0.5272772716113493,7442.659231384225,0.5392276578507748,0.9079967044704165,0.8044001393531559,0.8327640997375237,default,,,,0.5
sipu,s2,genie,labels0,15,0.554601223352603,0.37583778262710354,2688.1448298330815,0.6401846522261129,0.8329656281813307,0.6408536541579761,0.6180589671685995,default,,,,0.7
sipu,s2,genie,labels0,15,0.10232833930907545,-0.2691667124181704,269.79625486259476,0.9158645537541326,0.4668554409759944,0.3361101804498291,0.21405160453459907,default,,,,0.9
sipu,s3,kmeans,labels0,15,0.7246636182193323,0.4924393332838508,7889.6103142063475,0.6439323171265592,0.7926221479467261,0.7430629475735174,0.8438029903498386,default,,,,
sipu,s3,dbscan,labels0,15,-5.4752316079072745e-06,0.12495411417876913,4.851540485660325,7.366600210593749,0.0019000598840576977,0.2567282060277482,0.0021309648612905597,default,0.2,5.0,,
sipu,s3,agglomerative,labels0,15,0.677113293406452,0.4532179634887127,6891.118187777305,0.6948700445484326,0.7688331679612058,0.6989347245420052,0.8052543818800932,default,,,ward,
sipu,s3,agglomerative,labels0,15,-1.3405361685169403e-05,-0.4191333997800932,4.733803890943099,0.6056729124842776,0.0021309102866400383,0.2567632937061424,0.0029646624478924443,default,,,single,
sipu,s3,agglomerative,labels0,15,0.5092503854015455,0.31431186616966283,4519.09272469269,0.9450384303529997,0.7046711665551298,0.5483650498829702,0.5692034921041652,default,,,complete,
sipu,s3,agglomerative,labels0,15,0.5957412207001833,0.3939268137181895,4819.967257452041,0.7132309119266289,0.7487348182719922,0.6363915291571115,0.6648929161491466,default,,,average,
sipu,s3,genie,labels0,15,0.6869067808397139,0.4487447142234034,6739.931611874987,0.7062306543712934,0.7783520697923033,0.708080807007537,0.8160381167020168,default,,,,0.1
sipu,s3,genie,labels0,15,0.6651041982676151,0.43511162582482266,6244.043684143772,0.7177846313492288,0.7738136212300848,0.6898950700646358,0.7635488060599792,default,,,,0.3
sipu,s3,genie,labels0,15,0.5593068101751522,0.34563963664623787,4655.552218739308,0.7605002678191588,0.7470637058976654,0.6089341879914143,0.6274411369440764,default,,,,0.5
sipu,s3,genie,labels0,15,0.4224734529293772,0.10649301527967932,2147.552455783592,0.8692097961430497,0.6858962041427881,0.5269221719186274,0.41962674001195766,default,,,,0.7
sipu,s3,genie,labels0,15,0.08439345302939875,-0.3867983663351407,311.06184949841617,1.0318376609567035,0.342646110120392,0.3107899345497279,0.09366596024939196,default,,,,0.9
sipu,s4,kmeans,labels0,15,0.6330582312715233,0.4800147527873116,6205.387710036169,0.6584754140579993,0.7194587008788016,0.6576337594489993,0.7828429627212484,default,,,,
sipu,s4,dbscan,labels0,15,0.00010192379456709606,0.046511116893102625,14.696162757286475,2.355425422880759,0.006804842024611744,0.2563157105124544,0.004159535649702918,default,0.2,5.0,,
sipu,s4,agglomerative,labels0,15,0.5532287863689617,0.4108522120198155,4765.306984959719,0.8177759036463766,0.6919403055070458,0.5846663569247037,0.6828052064136398,default,,,ward,
sipu,s4,agglomerative,labels0,15,4.648363862490203e-05,-0.1366277555593399,5.465420946954073,0.5131964080900167,0.002229900909364371,0.25703838866816503,0.001991341362930031,default,,,single,
sipu,s4,agglomerative,labels0,15,0.4171187139155943,0.2715252970538251,3210.4276641137285,0.9768836049518314,0.6166066426182073,0.4680449793884167,0.4991043742610331,default,,,complete,
sipu,s4,agglomerative,labels0,15,0.4925658173885549,0.3789493932727929,3209.461597059128,0.7119480316036625,0.6649234298678486,0.5461921261388968,0.5887826482471793,default,,,average,
sipu,s4,genie,labels0,15,0.6188039572125948,0.4222355606934905,5021.160910902852,0.7427792950279172,0.7143561785062237,0.6444369738570525,0.7700154227009388,default,,,,0.1
sipu,s4,genie,labels0,15,0.5909110697404406,0.37252041934846464,4190.571990970047,0.8150257895938442,0.7049554209167551,0.6202767057055236,0.7322614659688451,default,,,,0.3
sipu,s4,genie,labels0,15,0.46614184277682175,0.21676336060722323,2404.5671684385625,0.8845957169112287,0.6636840824109229,0.5287247561810009,0.5378247940798218,default,,,,0.5
sipu,s4,genie,labels0,15,0.20593011795179592,-0.028982456970470527,860.4170325033109,0.8404223629794975,0.5727931780248448,0.37367483004248936,0.3802432709602307,default,,,,0.7
sipu,s4,genie,labels0,15,0.033305447269636475,-0.30424379665875884,132.84948965182096,0.9162895318625353,0.26041822053463043,0.2686274955725334,0.13020331521717635,default,,,,0.9
sipu,spiral,kmeans,labels0,3,-0.0060252369726964605,0.3601522004539873,238.24071457807986,0.8816644067350602,-0.00555518930270065,0.32763672899579344,0.01437244802647375,default,,,,
sipu,spiral,dbscan,labels0,3,0.46339698098902743,-0.06919625647193339,8.593583837630495,6.112215599429971,0.5884870596759678,0.6239244864663936,0.49464830580093055,default,0.2,5.0,,
sipu,spiral,agglomerative,labels0,3,0.001766257279048622,0.32751619494167267,186.19418025019846,0.9509316459145918,0.0016676145177273636,0.3395695571618643,0.06182959266277033,default,,,ward,
sipu,spiral,agglomerative,labels0,3,1.0,0.0013443052206531254,5.797857913221381,5.882018477379901,1.0,1.0,1.0,default,,,single,
sipu,spiral,agglomerative,labels0,3,0.0034253905132430075,0.35672852989294496,226.61281855691,0.8951981209023933,0.0031291156639405744,0.3337168574978133,0.06736409490005602,default,,,complete,
sipu,spiral,agglomerative,labels0,3,-0.002258128166183025,0.31852406269959516,187.0236156748223,0.906094063902564,-0.0030462852442188462,0.35727300502442216,0.03630274078620799,default,,,average,
sipu,spiral,genie,labels0,3,1.0,0.0013443052206531254,5.797857913221381,5.882018477379901,1.0,1.0,1.0,default,,,,0.1
sipu,spiral,genie,labels0,3,1.0,0.0013443052206531254,5.797857913221381,5.882018477379901,1.0,1.0,1.0,default,,,,0.3
sipu,spiral,genie,labels0,3,1.0,0.0013443052206531254,5.797857913221381,5.882018477379901,1.0,1.0,1.0,default,,,,0.5
sipu,spiral,genie,labels0,3,1.0,0.0013443052206531254,5.797857913221381,5.882018477379901,1.0,1.0,1.0,default,,,,0.7
sipu,spiral,genie,labels0,3,1.0,0.0013443052206531254,5.797857913221381,5.882018477379901,1.0,1.0,1.0,default,,,,0.9
sipu,unbalance,kmeans,labels0,8,1.0,0.8577568130922038,221460.91541516193,0.2901528890614906,1.0,1.0,1.0,default,,,,
sipu,unbalance,dbscan,labels0,8,0.607916771150268,0.6211297021632544,30727.51061643226,0.6449271172210831,0.7777353297351625,0.7728467744526134,0.42857142857142855,default,0.2,5.0,,
sipu,unbalance,agglomerative,labels0,8,0.999976887161302,0.8576857595750604,220803.8927192087,0.29212270544689445,0.9993862441538685,0.9999834765654972,0.9985714285714286,default,,,ward,
sipu,unbalance,agglomerative,labels0,8,0.9988276318631844,0.8383145541434063,100628.7826076728,0.44094418245684125,0.992047953879715,0.9991624822797989,0.8557142857142858,default,,,single,
sipu,unbalance,agglomerative,labels0,8,0.6124663429125057,0.6428492516989551,22928.34282976643,0.6372435708334419,0.8168817119302418,0.7749342609289066,0.8014285714285715,default,,,complete,
sipu,unbalance,agglomerative,labels0,8,1.0,0.8577568130922038,221460.91541516193,0.2901528890614906,1.0,1.0,1.0,default,,,average,
sipu,unbalance,genie,labels0,8,0.5687946881979317,0.29557221202399725,20926.957818388466,1.117762686683737,0.7522870251470739,0.6893547641704472,0.24171428571428574,default,,,,0.1
sipu,unbalance,genie,labels0,8,0.6237507375299216,0.2964156383776853,20912.63801943028,1.067738406716522,0.766932525923127,0.7299226461595032,0.29071428571428576,default,,,,0.3
sipu,unbalance,genie,labels0,8,0.7820159369401577,0.44100952665704307,20803.706540335,0.8345450267566776,0.8172709207731957,0.8441264647703042,0.3537142857142857,default,,,,0.5
sipu,unbalance,genie,labels0,8,0.999976887161302,0.8576857595750604,220803.8927192086,0.29212270544689445,0.9993862441538686,0.9999834765654972,0.9985714285714286,default,,,,0.7
sipu,unbalance,genie,labels0,8,0.999976887161302,0.8576857595750604,220803.8927192086,0.29212270544689445,0.9993862441538686,0.9999834765654972,0.9985714285714286,default,,,,0.9
